https://iiif.bdrc.io/bdr:I1NLM4336_001::I1NLM4336_0010001.jpg/full/max/0/default.jpg,I1NLM4336_0010001.jpg,M0062254-001
https://iiif.bdrc.io/bdr:I1NLM4336_001::I1NLM4336_0010038.jpg/full/max/0/default.jpg,I1NLM4336_0010038.jpg,M0062254-002
https://iiif.bdrc.io/bdr:I1NLM4336_001::I1NLM4336_0010101.jpg/full/max/0/default.jpg,I1NLM4336_0010101.jpg,M0062254-003
https://iiif.bdrc.io/bdr:I1NLM4336_001::I1NLM4336_0010141.jpg/full/max/0/default.jpg,I1NLM4336_0010141.jpg,M0062254-004
https://iiif.bdrc.io/bdr:I1NLM4336_001::I1NLM4336_0010207.jpg/full/max/0/default.jpg,I1NLM4336_0010207.jpg,M0062254-005
https://iiif.bdrc.io/bdr:I1NLM4336_001::I1NLM4336_0010245.jpg/full/max/0/default.jpg,I1NLM4336_0010245.jpg,M0062254-006
https://iiif.bdrc.io/bdr:I1NLM4336_001::I1NLM4336_0010257.jpg/full/max/0/default.jpg,I1NLM4336_0010257.jpg,M0062254-007
https://iiif.bdrc.io/bdr:I1NLM4336_001::I1NLM4336_0010279.jpg/full/max/0/default.jpg,I1NLM4336_0010279.jpg,M0062254-008
https://iiif.bdrc.io/bdr:I1NLM4336_001::I1NLM4336_0010305.jpg/full/max/0/default.jpg,I1NLM4336_0010305.jpg,M0062254-009
https://iiif.bdrc.io/bdr:I1NLM4336_001::I1NLM4336_0010333.jpg/full/max/0/default.jpg,I1NLM4336_0010333.jpg,M0062254-010
https://iiif.bdrc.io/bdr:I1NLM4336_001::I1NLM4336_0010365.jpg/full/max/0/default.jpg,I1NLM4336_0010365.jpg,M0062254-011
https://iiif.bdrc.io/bdr:I1NLM4336_001::I1NLM4336_0010417.jpg/full/max/0/default.jpg,I1NLM4336_0010417.jpg,M0062254-012
https://iiif.bdrc.io/bdr:I1NLM4336_001::I1NLM4336_0010451.jpg/full/max/0/default.jpg,I1NLM4336_0010451.jpg,M0062254-013
https://iiif.bdrc.io/bdr:I1NLM4336_001::I1NLM4336_0010465.jpg/full/max/0/default.jpg,I1NLM4336_0010465.jpg,M0062254-014
https://iiif.bdrc.io/bdr:I1NLM4336_001::I1NLM4336_0010499.jpg/full/max/0/default.jpg,I1NLM4336_0010499.jpg,M0062254-015
https://iiif.bdrc.io/bdr:I1NLM4336_001::I1NLM4336_0010525.jpg/full/max/0/default.jpg,I1NLM4336_0010525.jpg,M0062254-016
https://iiif.bdrc.io/bdr:I1NLM4336_001::I1NLM4336_0010557.jpg/full/max/0/default.jpg,I1NLM4336_0010557.jpg,M0062254-017
https://iiif.bdrc.io/bdr:I1NLM4336_001::I1NLM4336_0010564.jpg/full/max/0/default.jpg,I1NLM4336_0010564.jpg,M0062254-018
https://iiif.bdrc.io/bdr:I1NLM4336_001::I1NLM4336_0010573.jpg/full/max/0/default.jpg,I1NLM4336_0010573.jpg,M0062254-019
https://iiif.bdrc.io/bdr:I1NLM4336_001::I1NLM4336_0010615.jpg/full/max/0/default.jpg,I1NLM4336_0010615.jpg,M0062254-020
https://iiif.bdrc.io/bdr:I1NLM4336_001::I1NLM4336_0010647.jpg/full/max/0/default.jpg,I1NLM4336_0010647.jpg,M0062254-021
https://iiif.bdrc.io/bdr:I1NLM4336_001::I1NLM4336_0010677.jpg/full/max/0/default.jpg,I1NLM4336_0010677.jpg,M0062254-022
https://iiif.bdrc.io/bdr:I1NLM4336_001::I1NLM4336_0010695.jpg/full/max/0/default.jpg,I1NLM4336_0010695.jpg,M0062254-023
https://iiif.bdrc.io/bdr:I1NLM4336_001::I1NLM4336_0010701.jpg/full/max/0/default.jpg,I1NLM4336_0010701.jpg,M0062254-024
https://iiif.bdrc.io/bdr:I1NLM4336_001::I1NLM4336_0010717.jpg/full/max/0/default.jpg,I1NLM4336_0010717.jpg,M0062254-025
https://iiif.bdrc.io/bdr:I1NLM4336_001::I1NLM4336_0010747.jpg/full/max/0/default.jpg,I1NLM4336_0010747.jpg,M0062254-026
https://iiif.bdrc.io/bdr:I1NLM4336_001::I1NLM4336_0010757.jpg/full/max/0/default.jpg,I1NLM4336_0010757.jpg,M0062254-027
https://iiif.bdrc.io/bdr:I1NLM4336_001::I1NLM4336_0010775.jpg/full/max/0/default.jpg,I1NLM4336_0010775.jpg,M0062254-028
https://iiif.bdrc.io/bdr:I1NLM4336_001::I1NLM4336_0010787.jpg/full/max/0/default.jpg,I1NLM4336_0010787.jpg,M0062254-029
https://iiif.bdrc.io/bdr:I1NLM4336_001::I1NLM4336_0010801.jpg/full/max/0/default.jpg,I1NLM4336_0010801.jpg,M0062254-030
https://iiif.bdrc.io/bdr:I1NLM4336_001::I1NLM4336_0010844.jpg/full/max/0/default.jpg,I1NLM4336_0010844.jpg,M0062254-031
,?,M0062254-032
,?,M0062254-033
,?,M0062254-034
,?,M0062254-035
,?,M0062254-036
,?,M0062254-037
,?,M0062254-038
,?,M0062254-039
,?,M0062254-040
,?,M0062254-041
,?,M0062254-042
